{
    "threshold": 0.7000000000000002,
    "k_neighbors": 3,
    "weights": "distance",
    "distance_metric": "euclidean",
    "performance": {
        "accuracy": 0.9976124433833081,
        "precision": 0.40865384615384615,
        "recall": 0.8673469387755102,
        "f1_score": 0.5555555555555556,
        "roc_auc": 0.9431389466309879,
        "confusion_matrix": [
            [
                56741,
                123
            ],
            [
                13,
                85
            ]
        ]
    },
    "features_count": 57
}